-- Seed data migrated from Supabase (rehap_pro) on 2026-04-17
-- Run with: wrangler d1 execute weqe-db --local --file=migrations/0002_seed.sql
-- Remote:   wrangler d1 execute weqe-db --remote --file=migrations/0002_seed.sql

PRAGMA foreign_keys = OFF;

-- ── Users ─────────────────────────────────────────────────────────────────
INSERT OR IGNORE INTO dy_users (id, name, email, image, timezone, created_at) VALUES
  ('534f6cda-3b84-4f44-b658-d0765765cc5e','Rony Mateo','ronymateo@gmail.com','https://lh3.googleusercontent.com/a/ACg8ocLPe5Fk2VEZSVelnUbm4qej_7j9esKTBgNiJS02SwkyX0F5r24z=s96-c','America/Bogota','2026-04-01 01:47:06.647359+00');

-- ── OAuth accounts ─────────────────────────────────────────────────────────
INSERT OR IGNORE INTO dy_accounts (user_id, provider, provider_account_id, refresh_token, access_token, expires_at) VALUES
  ('534f6cda-3b84-4f44-b658-d0765765cc5e','google','107126634410629853363',NULL,NULL,NULL);

-- ── Sessions ──────────────────────────────────────────────────────────────
INSERT OR IGNORE INTO dy_sessions (session_token, user_id, expires) VALUES
  ('d115a099-0dcc-4414-a2a4-18edbc91633a','534f6cda-3b84-4f44-b658-d0765765cc5e','2026-05-01 20:18:35.423+00'),
  ('f517acd1-489b-4eb2-bda9-8084098adced','534f6cda-3b84-4f44-b658-d0765765cc5e','2026-05-08 19:31:00.211+00'),
  ('36522991-672d-463d-bccc-aa2c7857de79','534f6cda-3b84-4f44-b658-d0765765cc5e','2026-05-11 01:22:42.234+00'),
  ('c01389ed-0d6a-485a-85b6-689bed318383','534f6cda-3b84-4f44-b658-d0765765cc5e','2026-05-17 14:47:52.952+00'),
  ('9cba4e9c-7a69-419f-9dd6-68d486a6ba8c','534f6cda-3b84-4f44-b658-d0765765cc5e','2026-05-17 20:38:44.173+00');

-- ── Drop types ────────────────────────────────────────────────────────────
INSERT OR IGNORE INTO dy_drop_types (id, user_id, name, sort_order) VALUES
  ('628c7716-fa05-438c-b3dc-bd991ca97e06','534f6cda-3b84-4f44-b658-d0765765cc5e','ialuvit',0),
  ('5cf73fc8-c321-4f27-8dcc-cdc1da2ee606','534f6cda-3b84-4f44-b658-d0765765cc5e','hylogel',1),
  ('d2aafa7c-ffbc-4965-8424-fefcfd46be0a','534f6cda-3b84-4f44-b658-d0765765cc5e','acrylarm',2),
  ('2661352f-b257-4355-8085-e5a5599df82b','534f6cda-3b84-4f44-b658-d0765765cc5e','systane balance',3);

-- ── Drops (117 rows) ──────────────────────────────────────────────────────
INSERT OR IGNORE INTO dy_drops (id, user_id, drop_type_id, logged_at, quantity, eye, notes) VALUES
  ('0f3af943-5647-4c2d-9393-d50230f8fdd9','534f6cda-3b84-4f44-b658-d0765765cc5e','628c7716-fa05-438c-b3dc-bd991ca97e06','2026-04-01 01:52:57.399+00',1,'left',NULL),
  ('5c471269-ee1f-473e-89e3-059b08c18213','534f6cda-3b84-4f44-b658-d0765765cc5e','628c7716-fa05-438c-b3dc-bd991ca97e06','2026-04-01 03:35:52.47+00',1,'left',NULL),
  ('c2240c74-6167-4cfc-b151-a930c3ffb52e','534f6cda-3b84-4f44-b658-d0765765cc5e','628c7716-fa05-438c-b3dc-bd991ca97e06','2026-04-01 11:19:19.95+00',1,'left',NULL),
  ('2fbeefb3-bcce-426e-bbd9-51f54ec04c6c','534f6cda-3b84-4f44-b658-d0765765cc5e','d2aafa7c-ffbc-4965-8424-fefcfd46be0a','2026-04-01 14:07:15.269+00',1,'left',NULL),
  ('3d8087a2-4139-4609-ab9f-208b7054e3f4','534f6cda-3b84-4f44-b658-d0765765cc5e','628c7716-fa05-438c-b3dc-bd991ca97e06','2026-04-01 16:05:23.222+00',1,'left',NULL),
  ('2065153c-a227-4241-bb79-0ebfca468f54','534f6cda-3b84-4f44-b658-d0765765cc5e','628c7716-fa05-438c-b3dc-bd991ca97e06','2026-04-01 16:40:36.227+00',1,'left',NULL),
  ('6496d84d-318c-4293-a472-a272a9da6956','534f6cda-3b84-4f44-b658-d0765765cc5e','628c7716-fa05-438c-b3dc-bd991ca97e06','2026-04-01 19:38:28.562+00',1,'left',NULL),
  ('c1779fb0-90a3-42f4-be42-0dde1db0886a','534f6cda-3b84-4f44-b658-d0765765cc5e','2661352f-b257-4355-8085-e5a5599df82b','2026-04-01 20:20:44.163+00',1,'left',NULL),
  ('d4f03e51-9567-42af-829c-253e6a433c16','534f6cda-3b84-4f44-b658-d0765765cc5e','628c7716-fa05-438c-b3dc-bd991ca97e06','2026-04-01 21:42:18.296+00',1,'left',NULL),
  ('b068a0aa-7fd3-44dd-9374-92106da4485a','534f6cda-3b84-4f44-b658-d0765765cc5e','628c7716-fa05-438c-b3dc-bd991ca97e06','2026-04-01 22:40:19.781+00',1,'left',NULL),
  ('14ecb96b-72cd-45af-a3d2-accbe46dc4d4','534f6cda-3b84-4f44-b658-d0765765cc5e','628c7716-fa05-438c-b3dc-bd991ca97e06','2026-04-01 23:51:50.337+00',1,'left',NULL),
  ('0d096a76-6ddf-4023-af2c-29eac93b6596','534f6cda-3b84-4f44-b658-d0765765cc5e','5cf73fc8-c321-4f27-8dcc-cdc1da2ee606','2026-04-02 01:54:21.323+00',1,'left',NULL),
  ('7d5aedf7-97e8-4998-a7bb-737108ec8756','534f6cda-3b84-4f44-b658-d0765765cc5e','d2aafa7c-ffbc-4965-8424-fefcfd46be0a','2026-04-02 05:19:54.949+00',1,'both',NULL),
  ('74bb32eb-f9cf-47f9-8480-f7a218d6dd8a','534f6cda-3b84-4f44-b658-d0765765cc5e','5cf73fc8-c321-4f27-8dcc-cdc1da2ee606','2026-04-02 14:05:45.987+00',1,'left',NULL),
  ('b228c3c1-6bfa-45fa-8af2-53f52138d46f','534f6cda-3b84-4f44-b658-d0765765cc5e','5cf73fc8-c321-4f27-8dcc-cdc1da2ee606','2026-04-02 15:34:22.615+00',1,'left',NULL),
  ('a49b7917-db5f-472e-8823-97449b833e45','534f6cda-3b84-4f44-b658-d0765765cc5e','5cf73fc8-c321-4f27-8dcc-cdc1da2ee606','2026-04-02 16:14:01.022+00',1,'both',NULL),
  ('cfb92491-e55e-47dc-98b2-187e57f1fbd4','534f6cda-3b84-4f44-b658-d0765765cc5e','628c7716-fa05-438c-b3dc-bd991ca97e06','2026-04-02 16:41:27.29+00',1,'left',NULL),
  ('7e74dfbd-2e5e-46a7-9dd6-7ea8336c922b','534f6cda-3b84-4f44-b658-d0765765cc5e','628c7716-fa05-438c-b3dc-bd991ca97e06','2026-04-02 19:06:44.345+00',1,'left',NULL),
  ('eee31e79-2d63-4312-ae68-8c682fc8f126','534f6cda-3b84-4f44-b658-d0765765cc5e','628c7716-fa05-438c-b3dc-bd991ca97e06','2026-04-02 20:59:19.726+00',1,'left',NULL),
  ('2fd28afb-a482-4647-ad0d-44504b7c6fb5','534f6cda-3b84-4f44-b658-d0765765cc5e','5cf73fc8-c321-4f27-8dcc-cdc1da2ee606','2026-04-02 23:05:01.891+00',1,'left',NULL),
  ('f444dff5-8007-4347-a830-d948e88d74a0','534f6cda-3b84-4f44-b658-d0765765cc5e','628c7716-fa05-438c-b3dc-bd991ca97e06','2026-04-03 04:08:06.256+00',1,'both',NULL),
  ('1d957d74-dfd8-4ad0-bfe8-63702bbffae1','534f6cda-3b84-4f44-b658-d0765765cc5e','5cf73fc8-c321-4f27-8dcc-cdc1da2ee606','2026-04-03 13:18:51.609+00',1,'both',NULL),
  ('b7cdf3f8-67fd-4288-9488-9337c12ba20d','534f6cda-3b84-4f44-b658-d0765765cc5e','5cf73fc8-c321-4f27-8dcc-cdc1da2ee606','2026-04-03 14:41:19.86+00',1,'left',NULL),
  ('1d7d335a-39d6-42ae-9f51-7ce60e0ad278','534f6cda-3b84-4f44-b658-d0765765cc5e','628c7716-fa05-438c-b3dc-bd991ca97e06','2026-04-03 22:20:02.542+00',1,'left',NULL),
  ('282a0ed2-ead4-4d0b-a3fc-9b165b5634aa','534f6cda-3b84-4f44-b658-d0765765cc5e','5cf73fc8-c321-4f27-8dcc-cdc1da2ee606','2026-04-04 02:35:15.353+00',1,'left',NULL),
  ('dc9c4ca8-a1af-4246-a32b-ee94ef8cc033','534f6cda-3b84-4f44-b658-d0765765cc5e','628c7716-fa05-438c-b3dc-bd991ca97e06','2026-04-04 13:34:26.877+00',1,'both',NULL),
  ('d3489448-41f3-4946-a615-d8589298fbd0','534f6cda-3b84-4f44-b658-d0765765cc5e','628c7716-fa05-438c-b3dc-bd991ca97e06','2026-04-04 15:06:58.812+00',1,'left',NULL),
  ('599541fd-278e-406b-8f81-3d6a85381859','534f6cda-3b84-4f44-b658-d0765765cc5e','628c7716-fa05-438c-b3dc-bd991ca97e06','2026-04-04 16:05:44.074+00',1,'left',NULL),
  ('92039ede-318b-462a-87a1-f6ac9729509b','534f6cda-3b84-4f44-b658-d0765765cc5e','5cf73fc8-c321-4f27-8dcc-cdc1da2ee606','2026-04-04 20:46:37.099+00',1,'left',NULL),
  ('e67e04df-3fe3-48f4-bf50-495b6d4de3db','534f6cda-3b84-4f44-b658-d0765765cc5e','628c7716-fa05-438c-b3dc-bd991ca97e06','2026-04-05 15:25:07.857+00',1,'left',NULL),
  ('4aa31879-c99c-4367-b5bb-f19de8ed1b4d','534f6cda-3b84-4f44-b658-d0765765cc5e','628c7716-fa05-438c-b3dc-bd991ca97e06','2026-04-05 17:02:03.193+00',1,'left',NULL),
  ('ff67322c-7ecd-4428-8622-c89a4bd4285d','534f6cda-3b84-4f44-b658-d0765765cc5e','628c7716-fa05-438c-b3dc-bd991ca97e06','2026-04-05 18:08:54.555+00',1,'both',NULL),
  ('935bcb7a-b8f9-499b-93b1-80effdb66100','534f6cda-3b84-4f44-b658-d0765765cc5e','628c7716-fa05-438c-b3dc-bd991ca97e06','2026-04-06 11:42:18.781+00',1,'both',NULL),
  ('47c47649-470c-48c7-8058-7f56bc6fc682','534f6cda-3b84-4f44-b658-d0765765cc5e','d2aafa7c-ffbc-4965-8424-fefcfd46be0a','2026-04-06 15:00:00+00',1,'left',NULL),
  ('4301fdd1-7644-4c2d-a9ee-09ea6a7b0284','534f6cda-3b84-4f44-b658-d0765765cc5e','628c7716-fa05-438c-b3dc-bd991ca97e06','2026-04-06 16:02:17.001+00',1,'left',NULL),
  ('2a110c98-4268-4e3c-a462-c6553ebb296c','534f6cda-3b84-4f44-b658-d0765765cc5e','628c7716-fa05-438c-b3dc-bd991ca97e06','2026-04-06 16:54:22.745+00',1,'left',NULL),
  ('65bc145f-c081-414c-914a-6d25f6dc9fc6','534f6cda-3b84-4f44-b658-d0765765cc5e','628c7716-fa05-438c-b3dc-bd991ca97e06','2026-04-06 22:16:33.068+00',1,'left',NULL),
  ('3e52c0c3-df13-4d2a-9eba-aeac83950214','534f6cda-3b84-4f44-b658-d0765765cc5e','628c7716-fa05-438c-b3dc-bd991ca97e06','2026-04-06 23:20:00+00',1,'left',NULL),
  ('95e544ce-1986-49ff-8c0a-257f6271b592','534f6cda-3b84-4f44-b658-d0765765cc5e','628c7716-fa05-438c-b3dc-bd991ca97e06','2026-04-07 12:00:00+00',1,'both',NULL),
  ('8706fb0f-c7e7-4937-86f3-ba6b8e98f3f6','534f6cda-3b84-4f44-b658-d0765765cc5e','628c7716-fa05-438c-b3dc-bd991ca97e06','2026-04-07 13:55:19.118+00',1,'left',NULL),
  ('de7debc1-a635-4b56-b9b6-f630b86e5b10','534f6cda-3b84-4f44-b658-d0765765cc5e','628c7716-fa05-438c-b3dc-bd991ca97e06','2026-04-07 16:30:00+00',1,'left',NULL),
  ('66882b4d-11f9-4ea8-a424-e842a6f77fb5','534f6cda-3b84-4f44-b658-d0765765cc5e','628c7716-fa05-438c-b3dc-bd991ca97e06','2026-04-07 18:48:06.81+00',1,'left',NULL),
  ('0f0c06f3-8e70-408a-a5c8-974a085ea1d8','534f6cda-3b84-4f44-b658-d0765765cc5e','628c7716-fa05-438c-b3dc-bd991ca97e06','2026-04-07 21:07:53.09+00',1,'left',NULL),
  ('26cd0c7d-8871-4fbf-b929-a372276b7ea7','534f6cda-3b84-4f44-b658-d0765765cc5e','628c7716-fa05-438c-b3dc-bd991ca97e06','2026-04-07 22:28:42.701+00',1,'left',NULL),
  ('0f84cf7a-3d33-4640-aee6-b68f0fe05d8e','534f6cda-3b84-4f44-b658-d0765765cc5e','628c7716-fa05-438c-b3dc-bd991ca97e06','2026-04-08 00:11:00+00',1,'left',NULL),
  ('d8567d56-2a2f-458f-aeec-2b87ff6c5759','534f6cda-3b84-4f44-b658-d0765765cc5e','628c7716-fa05-438c-b3dc-bd991ca97e06','2026-04-08 02:49:02.476+00',1,'left',NULL),
  ('6d3024e2-7020-4178-b2cc-9c4b6cd13799','534f6cda-3b84-4f44-b658-d0765765cc5e','628c7716-fa05-438c-b3dc-bd991ca97e06','2026-04-08 14:43:00+00',1,'both',NULL),
  ('65dcea91-d254-4e65-8f27-6df8937f11ad','534f6cda-3b84-4f44-b658-d0765765cc5e','628c7716-fa05-438c-b3dc-bd991ca97e06','2026-04-08 18:02:00+00',1,'left',NULL),
  ('ab423775-cc13-4207-8ca9-693f775c770d','534f6cda-3b84-4f44-b658-d0765765cc5e','628c7716-fa05-438c-b3dc-bd991ca97e06','2026-04-08 20:00:00+00',1,'left',NULL),
  ('43c1229e-b70c-4af4-aed1-6c18b8acf9c4','534f6cda-3b84-4f44-b658-d0765765cc5e','628c7716-fa05-438c-b3dc-bd991ca97e06','2026-04-08 22:00:00+00',1,'left',NULL),
  ('f103b760-91ac-478e-bf10-402fd556b44c','534f6cda-3b84-4f44-b658-d0765765cc5e','628c7716-fa05-438c-b3dc-bd991ca97e06','2026-04-08 23:07:54.632+00',1,'left',NULL),
  ('eb03b1fa-2bd8-47b7-aacc-ab7a0aa43c13','534f6cda-3b84-4f44-b658-d0765765cc5e','628c7716-fa05-438c-b3dc-bd991ca97e06','2026-04-09 02:48:00+00',1,'left',NULL),
  ('4f52a54c-42a0-4c26-b16b-44b3749300f3','534f6cda-3b84-4f44-b658-d0765765cc5e','628c7716-fa05-438c-b3dc-bd991ca97e06','2026-04-09 13:40:00+00',1,'both',NULL),
  ('1cc1dd06-683a-4341-9dd7-a631daa249fc','534f6cda-3b84-4f44-b658-d0765765cc5e','628c7716-fa05-438c-b3dc-bd991ca97e06','2026-04-09 14:57:21.133+00',1,'left',NULL),
  ('b7616ea2-894f-449d-ae80-713d2c061355','534f6cda-3b84-4f44-b658-d0765765cc5e','628c7716-fa05-438c-b3dc-bd991ca97e06','2026-04-09 16:20:58.579+00',1,'left',NULL),
  ('7e9f2874-a5c4-4ca5-8be3-a7bb94e6af4f','534f6cda-3b84-4f44-b658-d0765765cc5e','628c7716-fa05-438c-b3dc-bd991ca97e06','2026-04-09 17:58:03.982+00',1,'left',NULL),
  ('a1d2d9f6-9345-4edb-9d99-86ab357667e1','534f6cda-3b84-4f44-b658-d0765765cc5e','628c7716-fa05-438c-b3dc-bd991ca97e06','2026-04-09 20:00:43.862+00',1,'left',NULL),
  ('5da6344d-fdeb-45aa-9fb8-0fa2dd5657bd','534f6cda-3b84-4f44-b658-d0765765cc5e','628c7716-fa05-438c-b3dc-bd991ca97e06','2026-04-09 22:00:00+00',1,'left',NULL),
  ('fc7b3435-d1d6-45db-8b0e-35c4612b7ea7','534f6cda-3b84-4f44-b658-d0765765cc5e','628c7716-fa05-438c-b3dc-bd991ca97e06','2026-04-10 00:35:45.174+00',1,'left',NULL),
  ('47b90a22-750b-4b68-82bc-c3aff8bf9b43','534f6cda-3b84-4f44-b658-d0765765cc5e','628c7716-fa05-438c-b3dc-bd991ca97e06','2026-04-10 02:00:00+00',1,'left',NULL),
  ('fbe3e024-9e0a-4f49-ad50-84e75f38afe9','534f6cda-3b84-4f44-b658-d0765765cc5e','628c7716-fa05-438c-b3dc-bd991ca97e06','2026-04-10 12:54:12.447+00',1,'left',NULL),
  ('a2e04d68-f65e-4b1e-bccc-f2b8bf5cf721','534f6cda-3b84-4f44-b658-d0765765cc5e','628c7716-fa05-438c-b3dc-bd991ca97e06','2026-04-10 14:35:27.088+00',1,'left',NULL),
  ('8a5c27bb-5c6d-414c-9828-5f9c56242c59','534f6cda-3b84-4f44-b658-d0765765cc5e','628c7716-fa05-438c-b3dc-bd991ca97e06','2026-04-10 18:20:53.257+00',1,'left',NULL),
  ('7a245160-9763-4e96-bd9c-05728cba36fd','534f6cda-3b84-4f44-b658-d0765765cc5e','628c7716-fa05-438c-b3dc-bd991ca97e06','2026-04-10 18:56:12.281+00',1,'left',NULL),
  ('0977e1f1-5ea5-4022-9eb7-f33b9a46192d','534f6cda-3b84-4f44-b658-d0765765cc5e','628c7716-fa05-438c-b3dc-bd991ca97e06','2026-04-10 23:30:00+00',1,'left',NULL),
  ('43595c74-6fad-4244-aa53-3b153f3a981c','534f6cda-3b84-4f44-b658-d0765765cc5e','628c7716-fa05-438c-b3dc-bd991ca97e06','2026-04-11 01:00:00+00',1,'left',NULL),
  ('39b8a2bb-12cd-46c3-a929-8d988b35e30f','534f6cda-3b84-4f44-b658-d0765765cc5e','628c7716-fa05-438c-b3dc-bd991ca97e06','2026-04-11 02:32:24.048+00',1,'left',NULL),
  ('3cdfeddb-7cae-4663-82d2-d833b9fad219','534f6cda-3b84-4f44-b658-d0765765cc5e','628c7716-fa05-438c-b3dc-bd991ca97e06','2026-04-11 04:12:26.131+00',1,'both',NULL),
  ('a576dd46-759e-4263-84db-e7a9b5bfaae8','534f6cda-3b84-4f44-b658-d0765765cc5e','628c7716-fa05-438c-b3dc-bd991ca97e06','2026-04-11 13:16:00+00',1,'left',NULL),
  ('1d2c788c-754f-4967-8b16-e13c414b85d7','534f6cda-3b84-4f44-b658-d0765765cc5e','628c7716-fa05-438c-b3dc-bd991ca97e06','2026-04-11 16:00:21.674+00',1,'left',NULL),
  ('50339916-5d7f-41f8-8259-58ca699d49ad','534f6cda-3b84-4f44-b658-d0765765cc5e','628c7716-fa05-438c-b3dc-bd991ca97e06','2026-04-11 17:48:00+00',1,'left',NULL),
  ('3245676f-7900-4732-aa05-325832cd3f15','534f6cda-3b84-4f44-b658-d0765765cc5e','628c7716-fa05-438c-b3dc-bd991ca97e06','2026-04-11 19:45:58.369+00',1,'left',NULL),
  ('2be62ae9-c578-4bf6-a685-31d77eccf616','534f6cda-3b84-4f44-b658-d0765765cc5e','628c7716-fa05-438c-b3dc-bd991ca97e06','2026-04-11 21:17:22.792+00',1,'left',NULL),
  ('173dbfe4-a9f6-4138-a93d-144fb72d6e14','534f6cda-3b84-4f44-b658-d0765765cc5e','628c7716-fa05-438c-b3dc-bd991ca97e06','2026-04-11 23:05:48.947+00',1,'left',NULL),
  ('92c46a66-86c2-4565-9543-534f10e22d3c','534f6cda-3b84-4f44-b658-d0765765cc5e','628c7716-fa05-438c-b3dc-bd991ca97e06','2026-04-12 13:26:00+00',1,'left',NULL),
  ('3a97e82c-3ae3-411d-a813-da93e0b9b4b6','534f6cda-3b84-4f44-b658-d0765765cc5e','628c7716-fa05-438c-b3dc-bd991ca97e06','2026-04-12 15:25:00+00',1,'left',NULL),
  ('1dc44359-272a-4be5-86ce-f0abf4f61c2e','534f6cda-3b84-4f44-b658-d0765765cc5e','628c7716-fa05-438c-b3dc-bd991ca97e06','2026-04-12 17:29:46.59+00',1,'left',NULL),
  ('1f068c70-0f1a-4c67-8dc6-1d414a047dee','534f6cda-3b84-4f44-b658-d0765765cc5e','628c7716-fa05-438c-b3dc-bd991ca97e06','2026-04-13 12:57:08.098+00',1,'left',NULL),
  ('345acec5-0892-4401-9837-4a9f45c2ca78','534f6cda-3b84-4f44-b658-d0765765cc5e','628c7716-fa05-438c-b3dc-bd991ca97e06','2026-04-13 18:45:21.533+00',1,'left',NULL),
  ('16db8d99-22ae-4a69-a02f-ce8d1b66b073','534f6cda-3b84-4f44-b658-d0765765cc5e','628c7716-fa05-438c-b3dc-bd991ca97e06','2026-04-14 01:03:19.869+00',1,'left',NULL),
  ('722b2163-8982-46d9-9b12-1634591653b9','534f6cda-3b84-4f44-b658-d0765765cc5e','628c7716-fa05-438c-b3dc-bd991ca97e06','2026-04-14 01:50:16.475+00',1,'left',NULL),
  ('42ae86cc-d165-4d41-8e9f-4f02161e73ea','534f6cda-3b84-4f44-b658-d0765765cc5e','628c7716-fa05-438c-b3dc-bd991ca97e06','2026-04-14 01:50:40.181+00',1,'left',NULL),
  ('ae743788-bcd7-436a-a67d-fd7b6e280426','534f6cda-3b84-4f44-b658-d0765765cc5e','628c7716-fa05-438c-b3dc-bd991ca97e06','2026-04-14 03:51:29.845+00',1,'left',NULL),
  ('cd753c5c-8224-4f6a-9b02-9c105d43a742','534f6cda-3b84-4f44-b658-d0765765cc5e','628c7716-fa05-438c-b3dc-bd991ca97e06','2026-04-14 12:19:57.328+00',1,'left',NULL),
  ('a29a7d46-48a9-4aa9-bca5-806396be64a9','534f6cda-3b84-4f44-b658-d0765765cc5e','628c7716-fa05-438c-b3dc-bd991ca97e06','2026-04-14 14:31:49.505+00',1,'left',NULL),
  ('02189d73-57a1-4130-84af-d26759857903','534f6cda-3b84-4f44-b658-d0765765cc5e','628c7716-fa05-438c-b3dc-bd991ca97e06','2026-04-14 15:34:22.396+00',1,'left',NULL),
  ('893371c3-07ad-491f-b639-7ec34a5637a5','534f6cda-3b84-4f44-b658-d0765765cc5e','628c7716-fa05-438c-b3dc-bd991ca97e06','2026-04-14 17:30:46.563+00',1,'left',NULL),
  ('0493d25e-9063-4533-95ca-50bb78cf6edf','534f6cda-3b84-4f44-b658-d0765765cc5e','628c7716-fa05-438c-b3dc-bd991ca97e06','2026-04-14 19:55:00+00',1,'left',NULL),
  ('04b50c35-0ec3-430d-bd82-e4e11de9ead6','534f6cda-3b84-4f44-b658-d0765765cc5e','628c7716-fa05-438c-b3dc-bd991ca97e06','2026-04-14 20:55:34.11+00',1,'left',NULL),
  ('b115b60e-f490-4b5d-a8f9-d9ad23eb807b','534f6cda-3b84-4f44-b658-d0765765cc5e','628c7716-fa05-438c-b3dc-bd991ca97e06','2026-04-14 22:58:47.436+00',1,'left',NULL),
  ('19f798ee-8418-4a5b-9c98-18d57e3f85a1','534f6cda-3b84-4f44-b658-d0765765cc5e','628c7716-fa05-438c-b3dc-bd991ca97e06','2026-04-15 00:37:00+00',1,'left',NULL),
  ('0002079d-18bf-434c-b180-d8ce58b0c10f','534f6cda-3b84-4f44-b658-d0765765cc5e','628c7716-fa05-438c-b3dc-bd991ca97e06','2026-04-15 02:01:01.592+00',1,'left',NULL),
  ('6f237aa5-5e97-4c25-9c70-f6b3c8921812','534f6cda-3b84-4f44-b658-d0765765cc5e','628c7716-fa05-438c-b3dc-bd991ca97e06','2026-04-15 04:53:19.864+00',1,'left',NULL),
  ('a28caad9-531f-489d-832f-ab93e124797e','534f6cda-3b84-4f44-b658-d0765765cc5e','628c7716-fa05-438c-b3dc-bd991ca97e06','2026-04-15 12:47:10.781+00',1,'left',NULL),
  ('f1a97275-af48-4f7b-9e27-6795ee41048c','534f6cda-3b84-4f44-b658-d0765765cc5e','628c7716-fa05-438c-b3dc-bd991ca97e06','2026-04-15 13:19:38.498+00',1,'left',NULL),
  ('1ad578fb-2dcb-4750-8d85-7bb52fe260fe','534f6cda-3b84-4f44-b658-d0765765cc5e','628c7716-fa05-438c-b3dc-bd991ca97e06','2026-04-15 14:24:02.538+00',1,'left',NULL),
  ('dc602956-7046-4e2c-8efc-3d142eb2a7da','534f6cda-3b84-4f44-b658-d0765765cc5e','628c7716-fa05-438c-b3dc-bd991ca97e06','2026-04-15 16:04:12.934+00',1,'left',NULL),
  ('8614c2a4-4082-4752-8171-a26861e7c9ad','534f6cda-3b84-4f44-b658-d0765765cc5e','628c7716-fa05-438c-b3dc-bd991ca97e06','2026-04-15 17:10:21.014+00',1,'left',NULL),
  ('bee1c5d4-4c2a-4398-8d9b-ac8abd9d80cd','534f6cda-3b84-4f44-b658-d0765765cc5e','628c7716-fa05-438c-b3dc-bd991ca97e06','2026-04-15 18:53:59.88+00',1,'left',NULL),
  ('65b120f1-475e-4433-964f-a24e5be1bffc','534f6cda-3b84-4f44-b658-d0765765cc5e','628c7716-fa05-438c-b3dc-bd991ca97e06','2026-04-15 23:45:43.036+00',1,'left',NULL),
  ('c8327e87-3bdf-4678-9f5e-54f77f0463b9','534f6cda-3b84-4f44-b658-d0765765cc5e','628c7716-fa05-438c-b3dc-bd991ca97e06','2026-04-16 01:32:00+00',1,'left',NULL),
  ('aba6eb20-0464-4b36-8a6a-e97d75699afc','534f6cda-3b84-4f44-b658-d0765765cc5e','628c7716-fa05-438c-b3dc-bd991ca97e06','2026-04-16 02:32:01.3+00',1,'left',NULL),
  ('25d01669-7c5e-4dc2-9086-d6a565fcf7a8','534f6cda-3b84-4f44-b658-d0765765cc5e','628c7716-fa05-438c-b3dc-bd991ca97e06','2026-04-16 12:32:44.513+00',1,'left',NULL),
  ('25a657e8-072e-4f22-981c-02f2bc77ce7c','534f6cda-3b84-4f44-b658-d0765765cc5e','628c7716-fa05-438c-b3dc-bd991ca97e06','2026-04-16 15:39:00+00',1,'left',NULL),
  ('fa9d522c-ae29-473e-b61d-a6f02b655bb9','534f6cda-3b84-4f44-b658-d0765765cc5e','628c7716-fa05-438c-b3dc-bd991ca97e06','2026-04-16 17:05:30.041+00',1,'left',NULL),
  ('b8c5dee1-f295-402b-bcad-41abb004e24c','534f6cda-3b84-4f44-b658-d0765765cc5e','628c7716-fa05-438c-b3dc-bd991ca97e06','2026-04-16 20:24:55.05+00',1,'left',NULL),
  ('0c4c80da-9114-442f-b70c-37db2cb9671b','534f6cda-3b84-4f44-b658-d0765765cc5e','628c7716-fa05-438c-b3dc-bd991ca97e06','2026-04-16 23:20:00+00',1,'left',NULL),
  ('58662a86-6c4c-4328-8839-e0510c1a958f','534f6cda-3b84-4f44-b658-d0765765cc5e','628c7716-fa05-438c-b3dc-bd991ca97e06','2026-04-17 01:20:25.15+00',1,'left',NULL),
  ('b2c8aee9-45ff-4ad0-b608-64d479c49f4a','534f6cda-3b84-4f44-b658-d0765765cc5e','628c7716-fa05-438c-b3dc-bd991ca97e06','2026-04-17 02:00:00+00',1,'left',NULL),
  ('b8d29f22-b112-46bb-84b4-a98720190744','534f6cda-3b84-4f44-b658-d0765765cc5e','628c7716-fa05-438c-b3dc-bd991ca97e06','2026-04-17 04:35:55.773+00',1,'left',NULL),
  ('a74e7820-06a6-4380-ad7c-c5a78e1eada5','534f6cda-3b84-4f44-b658-d0765765cc5e','628c7716-fa05-438c-b3dc-bd991ca97e06','2026-04-17 12:29:00+00',1,'left',NULL),
  ('13a049ab-587c-4c94-b26d-8389d2e667da','534f6cda-3b84-4f44-b658-d0765765cc5e','628c7716-fa05-438c-b3dc-bd991ca97e06','2026-04-17 14:29:33.562+00',1,'left',NULL),
  ('6ecb76e9-01a1-4983-abea-538b45f70e0e','534f6cda-3b84-4f44-b658-d0765765cc5e','628c7716-fa05-438c-b3dc-bd991ca97e06','2026-04-17 14:47:57.13+00',1,'left',NULL),
  ('114d2296-3678-46db-a3db-bdd9add3f406','534f6cda-3b84-4f44-b658-d0765765cc5e','628c7716-fa05-438c-b3dc-bd991ca97e06','2026-04-17 16:24:42.603+00',1,'left',NULL),
  ('fdac0921-f056-4549-bba0-976a2d6950fe','534f6cda-3b84-4f44-b658-d0765765cc5e','628c7716-fa05-438c-b3dc-bd991ca97e06','2026-04-17 18:59:17.828+00',1,'left',NULL),
  ('6f710adf-e46a-4794-b09c-965d75f008f6','534f6cda-3b84-4f44-b658-d0765765cc5e','628c7716-fa05-438c-b3dc-bd991ca97e06','2026-04-17 20:25:28.371+00',1,'left',NULL),
  ('a8dd1d52-370d-4397-9c5a-31e857d74052','534f6cda-3b84-4f44-b658-d0765765cc5e','628c7716-fa05-438c-b3dc-bd991ca97e06','2026-04-17 22:47:54.076+00',1,'left',NULL);

-- ── Check-ins (29 rows) ───────────────────────────────────────────────────
INSERT OR IGNORE INTO dy_check_ins (id, user_id, logged_at, time_of_day, eyelid_pain, temple_pain, masseter_pain, cervical_pain, orbital_pain, stress_level, trigger_type, notes) VALUES
  ('de418041-bf58-4d51-b4f0-fbefd58f6fc4','534f6cda-3b84-4f44-b658-d0765765cc5e','2026-04-01 11:19:08.714+00','morning',1,1,1,0,0,0,NULL,NULL),
  ('20a1d6e4-616d-4b1c-847c-9844b43cc5fd','534f6cda-3b84-4f44-b658-d0765765cc5e','2026-04-02 12:01:10.579+00','morning',1,1,0,2,1,3,NULL,NULL),
  ('b5de04f8-702f-4baa-b06f-7c1dd0cc3422','534f6cda-3b84-4f44-b658-d0765765cc5e','2026-04-02 23:09:32.271+00','other',1,3,1,0,0,0,NULL,NULL),
  ('8aea28b2-c3f1-490e-9168-3c31099b3956','534f6cda-3b84-4f44-b658-d0765765cc5e','2026-04-03 02:07:23.756+00','other',2,2,0,0,0,0,NULL,NULL),
  ('f3adbab0-cd57-41a9-80c5-9f76cd44a1f3','534f6cda-3b84-4f44-b658-d0765765cc5e','2026-04-03 12:22:09.535+00','morning',2,2,1,1,2,0,NULL,NULL),
  ('5fb8781f-62a6-4034-92c2-3e9119be7161','534f6cda-3b84-4f44-b658-d0765765cc5e','2026-04-03 16:49:03.767+00','other',3,2,1,0,2,0,NULL,NULL),
  ('d1c6b308-3170-4486-af78-2343c45eabb0','534f6cda-3b84-4f44-b658-d0765765cc5e','2026-04-04 00:54:50.265+00','other',1,2,1,0,0,0,NULL,NULL),
  ('2528e49e-61ce-4dac-8d57-d7547e0cbcb5','534f6cda-3b84-4f44-b658-d0765765cc5e','2026-04-04 13:34:08.716+00','morning',2,2,0,0,2,0,NULL,NULL),
  ('14d27821-8a09-417e-be49-53fb26f48f8f','534f6cda-3b84-4f44-b658-d0765765cc5e','2026-04-05 15:24:57.968+00','morning',2,2,1,0,1,1,NULL,NULL),
  ('ef981b17-9245-4550-8f06-75f8f1379130','534f6cda-3b84-4f44-b658-d0765765cc5e','2026-04-06 11:42:07.753+00','morning',2,2,1,0,2,0,NULL,NULL),
  ('b3fbe51c-26d5-4b71-8ec6-614cc04cd257','534f6cda-3b84-4f44-b658-d0765765cc5e','2026-04-06 22:17:09.671+00','trigger',2,1,1,0,2,0,'screens',NULL),
  ('2b5c9298-07e4-46da-82af-4bf4430be588','534f6cda-3b84-4f44-b658-d0765765cc5e','2026-04-07 01:24:28.211+00','trigger',1,3,0,0,1,0,'tv',NULL),
  ('6a7a6c83-4d7f-48ee-b784-3d2b16493905','534f6cda-3b84-4f44-b658-d0765765cc5e','2026-04-07 12:15:49.326+00','morning',2,1,0,0,2,0,NULL,NULL),
  ('e303279b-6c21-42d3-991e-3982ead0e615','534f6cda-3b84-4f44-b658-d0765765cc5e','2026-04-07 21:50:48.003+00','trigger',1,1,0,0,1,0,'exercise',NULL),
  ('c17c15a8-e426-487c-a503-1b5df4e57a11','534f6cda-3b84-4f44-b658-d0765765cc5e','2026-04-08 15:42:58.726+00','morning',2,2,0,0,2,0,NULL,NULL),
  ('ff747499-d6f1-41ba-ae20-43c99b9abc34','534f6cda-3b84-4f44-b658-d0765765cc5e','2026-04-08 19:12:09.242+00','trigger',2,2,0,0,1,0,'screens',NULL),
  ('bdb180da-e772-4d9e-8991-a4be4fe6fb1a','534f6cda-3b84-4f44-b658-d0765765cc5e','2026-04-08 20:43:17.334+00','trigger',2,2,1,0,2,0,'screens',NULL),
  ('26eb6fe9-c31d-41d3-97bc-db5070ddf75e','534f6cda-3b84-4f44-b658-d0765765cc5e','2026-04-09 13:53:53.707+00','morning',2,2,1,0,2,0,NULL,NULL),
  ('45ae2555-ab65-4f56-a9c0-d95c817f5245','534f6cda-3b84-4f44-b658-d0765765cc5e','2026-04-10 12:54:36.855+00','morning',1,1,0,0,2,0,NULL,NULL),
  ('a32b1f70-967b-4041-bb65-51c43751be0d','534f6cda-3b84-4f44-b658-d0765765cc5e','2026-04-11 17:15:02.528+00','trigger',2,1,0,0,2,0,'screens',NULL),
  ('eacc6421-bace-4f67-a73e-0464bab27312','534f6cda-3b84-4f44-b658-d0765765cc5e','2026-04-11 17:45:32.328+00','trigger',3,2,0,0,3,0,'screens',NULL),
  ('c9e40d49-22bb-4533-8be4-08e822b4cbc9','534f6cda-3b84-4f44-b658-d0765765cc5e','2026-04-12 17:29:40.894+00','morning',2,2,0,0,2,0,NULL,NULL),
  ('cf912ae1-b647-4ff3-be92-f965fe6a41e8','534f6cda-3b84-4f44-b658-d0765765cc5e','2026-04-14 01:51:12.851+00',NULL,2,2,1,1,2,2,NULL,NULL),
  ('9288d503-0ff6-4825-aac5-46de1b972338','534f6cda-3b84-4f44-b658-d0765765cc5e','2026-04-14 12:19:48.523+00',NULL,1,1,0,0,1,0,NULL,NULL),
  ('d64d56da-b078-4b34-995a-f1428482ee11','534f6cda-3b84-4f44-b658-d0765765cc5e','2026-04-15 12:47:38.748+00',NULL,2,1,1,0,2,4,NULL,NULL),
  ('07f7ca81-2f8e-46db-9034-fd41d5d42f64','534f6cda-3b84-4f44-b658-d0765765cc5e','2026-04-15 15:20:10.569+00',NULL,2,1,1,0,2,0,'screens',NULL),
  ('5a34f2b0-34a3-4e2c-904b-626015d873ad','534f6cda-3b84-4f44-b658-d0765765cc5e','2026-04-16 02:54:13.24+00',NULL,2,3,1,0,2,0,NULL,NULL),
  ('51381406-568c-4b45-a8dd-319644617508','534f6cda-3b84-4f44-b658-d0765765cc5e','2026-04-16 12:33:02.849+00',NULL,2,2,1,0,2,0,NULL,NULL),
  ('9134672b-279c-4a57-bf26-95e44794f113','534f6cda-3b84-4f44-b658-d0765765cc5e','2026-04-17 14:48:36.016+00',NULL,2,1,1,0,2,0,NULL,NULL);

-- ── Symptoms (15 rows) ────────────────────────────────────────────────────
INSERT OR IGNORE INTO dy_symptoms (id, user_id, logged_at, symptom_type, notes, created_at) VALUES
  ('938c7137-2230-4356-8a1f-f04621a3a7bf','534f6cda-3b84-4f44-b658-d0765765cc5e','2026-04-02 03:35:19.402+00','sequedad',NULL,'2026-04-02 03:35:20.633785+00'),
  ('653c732c-0933-4f6b-a2c7-bdfa65205a65','534f6cda-3b84-4f44-b658-d0765765cc5e','2026-04-02 13:35:52.356+00','sequedad',NULL,'2026-04-02 13:35:53.910563+00'),
  ('bb4eef9c-5b40-47ab-90da-080f902985b9','534f6cda-3b84-4f44-b658-d0765765cc5e','2026-04-02 13:35:52.356+00','un_poco_pegajoso',NULL,'2026-04-02 13:35:54.548401+00'),
  ('6fe802f5-1d95-4a4a-8276-71605c1c4737','534f6cda-3b84-4f44-b658-d0765765cc5e','2026-04-02 14:06:42.602+00','sequedad',NULL,'2026-04-02 14:06:49.367834+00'),
  ('dc85e610-2a01-4ba4-834e-f9adc1f12259','534f6cda-3b84-4f44-b658-d0765765cc5e','2026-04-02 15:38:07.198+00','ojo_pegajoso',NULL,'2026-04-02 15:38:10.105229+00'),
  ('81cdc75d-448e-40d9-ae90-ecf243c06760','534f6cda-3b84-4f44-b658-d0765765cc5e','2026-04-02 23:05:37.67+00','dolor_cabeza',NULL,'2026-04-02 23:05:38.692372+00'),
  ('c30a366f-26e9-4e99-8620-341ba0c20573','534f6cda-3b84-4f44-b658-d0765765cc5e','2026-04-03 16:48:34.769+00','dolor_d_la_sien',NULL,'2026-04-03 16:48:36.357915+00'),
  ('c05a4ba4-5134-45be-92cb-08aac4208ee5','534f6cda-3b84-4f44-b658-d0765765cc5e','2026-04-03 21:55:20.782+00','dolor_cabeza',NULL,'2026-04-03 21:55:22.54576+00'),
  ('407177f0-ec97-4910-8cf9-b7b36f3170f6','534f6cda-3b84-4f44-b658-d0765765cc5e','2026-04-03 21:55:20.782+00','dolor_sien',NULL,'2026-04-03 21:55:23.219235+00'),
  ('0435c5b8-bceb-42be-91c7-8fef4c279af7','534f6cda-3b84-4f44-b658-d0765765cc5e','2026-04-05 17:39:03.481+00','dolor_cabeza',NULL,'2026-04-05 17:39:06.34818+00'),
  ('0266f6bb-c172-4fa9-87d6-f28bb50ad103','534f6cda-3b84-4f44-b658-d0765765cc5e','2026-04-05 17:39:03.481+00','dolor_d_la_sien_subiendo_a_2',NULL,'2026-04-05 17:39:07.03273+00'),
  ('62e65b66-f8cd-45d6-9069-98820fe8d027','534f6cda-3b84-4f44-b658-d0765765cc5e','2026-04-08 15:43:38.29+00','mareo',NULL,'2026-04-08 15:43:39.460216+00'),
  ('dd94d447-4498-4495-a354-e2d932658135','534f6cda-3b84-4f44-b658-d0765765cc5e','2026-04-15 15:20:10.569+00','sequedad',NULL,'2026-04-15 15:20:13.677259+00'),
  ('4ee775cc-daba-45d7-ba27-30a70c0f0c0b','534f6cda-3b84-4f44-b658-d0765765cc5e','2026-04-16 02:54:13.24+00','dolor_cabeza',NULL,'2026-04-16 02:54:19.409011+00'),
  ('12fed2be-f6b5-4e1b-98cb-b437c81273fb','534f6cda-3b84-4f44-b658-d0765765cc5e','2026-04-16 02:54:13.24+00','aumenta_en_dolor_en_la_sien',NULL,'2026-04-16 02:54:19.906906+00');

-- ── Medications ───────────────────────────────────────────────────────────
INSERT OR IGNORE INTO dy_medications (id, user_id, name, dosage, frequency, notes, sort_order, created_at) VALUES
  ('07aafade-8887-4c72-831c-9abe92add9df','534f6cda-3b84-4f44-b658-d0765765cc5e','Imiprimina','25mg','1 vez al dia',NULL,0,'2026-04-09 00:05:05.853822+00'),
  ('97aea469-6249-4be1-94a5-43605a1afd2b','534f6cda-3b84-4f44-b658-d0765765cc5e','Gabapentina','600mg','1 vez al dia',NULL,1,'2026-04-09 00:04:41.381715+00');

-- ── Clinical observations ─────────────────────────────────────────────────
INSERT OR IGNORE INTO dy_clinical_observations (id, user_id, title, eye, notes, created_at) VALUES
  ('973d5f37-ab8a-4c48-ac8f-0a0235183c54','534f6cda-3b84-4f44-b658-d0765765cc5e','Sensibilidad a gotas frias','left','Cuando me coloco las gotas frias sobre el OI se siente menos sensible que el OD','2026-04-11 01:25:02.082528+00'),
  ('291d43a7-43d4-41c6-8d4d-02014393ec88','534f6cda-3b84-4f44-b658-d0765765cc5e','Dolor de la sien','left','Después de trabajar largas horas el dolor d la sien ha bajado.','2026-04-14 20:57:36.676026+00'),
  ('afa8dd35-505d-48ce-8d67-4a293b251c15','534f6cda-3b84-4f44-b658-d0765765cc5e','Cuando veo tv con la luz toda apagada el dolor aumenta','left','Lo he notado en otros lugares pero no en mi casa','2026-04-16 14:48:45.253999+00');

-- ── Observation occurrences ───────────────────────────────────────────────
INSERT OR IGNORE INTO dy_observation_occurrences (id, user_id, observation_id, logged_at, intensity, duration_minutes, notes, created_at) VALUES
  ('8e6caf8e-f06d-43e6-9ec4-77fb8ea9aa39','534f6cda-3b84-4f44-b658-d0765765cc5e','973d5f37-ab8a-4c48-ac8f-0a0235183c54','2026-04-11 01:25:12.661+00',2,NULL,NULL,'2026-04-11 01:25:13.669183+00'),
  ('841e009a-00a1-435e-9ce0-215f5cf64da7','534f6cda-3b84-4f44-b658-d0765765cc5e','973d5f37-ab8a-4c48-ac8f-0a0235183c54','2026-04-11 16:01:03.741+00',5,NULL,NULL,'2026-04-11 16:01:04.214246+00'),
  ('9359c989-1963-4604-ae3b-20a416e5047e','534f6cda-3b84-4f44-b658-d0765765cc5e','973d5f37-ab8a-4c48-ac8f-0a0235183c54','2026-04-14 03:50:59.33+00',5,NULL,NULL,'2026-04-14 03:51:00.329627+00'),
  ('1a545c6d-ddfa-40fa-ae36-9841b80975dc','534f6cda-3b84-4f44-b658-d0765765cc5e','291d43a7-43d4-41c6-8d4d-02014393ec88','2026-04-14 20:58:13.719+00',2,NULL,'8hrs trabajando aveces de olvida colocar la regla 20-20-20','2026-04-14 20:58:14.624134+00'),
  ('b03a339e-ea9d-4801-be04-8265cd52d303','534f6cda-3b84-4f44-b658-d0765765cc5e','afa8dd35-505d-48ce-8d67-4a293b251c15','2026-04-16 14:48:54.757+00',3,NULL,NULL,'2026-04-16 14:48:55.419475+00');

-- ── Sleep (17 rows) ───────────────────────────────────────────────────────
INSERT OR IGNORE INTO dy_sleep (id, user_id, day_key, logged_at, sleep_hours, sleep_quality) VALUES
  ('d8efb7fa-c9f6-4302-ac98-48c6eb674eb9','534f6cda-3b84-4f44-b658-d0765765cc5e','2026-04-01','2026-04-01 06:00:00+00',7.0,'regular'),
  ('06ecf01f-07cc-4202-b66d-9c8fe92ac66c','534f6cda-3b84-4f44-b658-d0765765cc5e','2026-04-02','2026-04-02 06:00:00+00',7.0,'regular'),
  ('4eceae95-3f7e-4171-8e35-627d863ded36','534f6cda-3b84-4f44-b658-d0765765cc5e','2026-04-03','2026-04-03 06:00:00+00',7.0,'regular'),
  ('a2e33e8d-66d7-4965-8818-c2bcdc9f17ef','534f6cda-3b84-4f44-b658-d0765765cc5e','2026-04-04','2026-04-04 06:00:00+00',7.0,'regular'),
  ('c8b94cbf-1335-428d-aa84-7805a81fdbf7','534f6cda-3b84-4f44-b658-d0765765cc5e','2026-04-05','2026-04-05 06:00:00+00',7.0,'regular'),
  ('1add3482-7f7a-4e10-928c-f97e30bca3de','534f6cda-3b84-4f44-b658-d0765765cc5e','2026-04-06','2026-04-06 06:00:00+00',7.0,'regular'),
  ('de0c1a76-6df1-4670-9f52-ac99d77b364b','534f6cda-3b84-4f44-b658-d0765765cc5e','2026-04-07','2026-04-07 06:00:00+00',7.0,'regular'),
  ('56184973-f9d1-4b07-84a7-35b020eabae0','534f6cda-3b84-4f44-b658-d0765765cc5e','2026-04-08','2026-04-08 06:00:00+00',7.0,'regular'),
  ('a0e064ff-a301-4c79-9cfb-6261731de5d2','534f6cda-3b84-4f44-b658-d0765765cc5e','2026-04-09','2026-04-09 06:00:00+00',7.0,'regular'),
  ('c454f6c9-5c2a-439d-90e6-c381ad9db596','534f6cda-3b84-4f44-b658-d0765765cc5e','2026-04-10','2026-04-10 06:00:00+00',7.0,'regular'),
  ('fcdbb534-99e0-4041-a2a6-27568a30d492','534f6cda-3b84-4f44-b658-d0765765cc5e','2026-04-11','2026-04-11 06:00:00+00',7.0,'regular'),
  ('1979317a-1cb2-4ccc-8127-a542da6d3ac9','534f6cda-3b84-4f44-b658-d0765765cc5e','2026-04-12','2026-04-12 06:00:00+00',7.0,'regular'),
  ('9d73595b-8ac2-47ba-b749-4a9d9a9d315b','534f6cda-3b84-4f44-b658-d0765765cc5e','2026-04-13','2026-04-14 01:50:50.01+00',5.0,'malo'),
  ('3a61149d-dd43-4f29-8b63-2d20a59581eb','534f6cda-3b84-4f44-b658-d0765765cc5e','2026-04-14','2026-04-14 17:31:09.221+00',6.0,'regular'),
  ('8c0ace6b-d969-4cdf-8e67-a2e92561cd4f','534f6cda-3b84-4f44-b658-d0765765cc5e','2026-04-15','2026-04-15 12:10:20.192+00',6.0,'regular'),
  ('6c940c88-b654-4134-86d5-1662fc4e9369','534f6cda-3b84-4f44-b658-d0765765cc5e','2026-04-16','2026-04-16 12:33:14.521+00',7.0,'regular'),
  ('1abd0d1c-1d4d-46bf-96bd-279393ec678f','534f6cda-3b84-4f44-b658-d0765765cc5e','2026-04-17','2026-04-17 14:48:14.965+00',7.0,'regular');

-- ── Lid hygiene (4 rows) ──────────────────────────────────────────────────
INSERT OR IGNORE INTO dy_lid_hygiene (id, user_id, day_key, logged_at, status, deviation_value, friction_type, user_note) VALUES
  ('1e3aaadd-7b86-4d9d-a210-81c04c9bdb58','534f6cda-3b84-4f44-b658-d0765765cc5e','2026-04-15','2026-04-15 23:02:48.901+00','completed',2,'none',NULL),
  ('01c8d080-fa1c-498b-9d0a-132cd34316f4','534f6cda-3b84-4f44-b658-d0765765cc5e','2026-04-16','2026-04-16 15:23:50.186+00','completed',2,'none',NULL),
  ('e0f92267-8bdf-40bb-b4f2-bb530e6b3801','534f6cda-3b84-4f44-b658-d0765765cc5e','2026-04-16','2026-04-16 15:24:10.882+00','completed',NULL,NULL,NULL),
  ('0510fb80-5952-4a16-b1fe-48f639832939','534f6cda-3b84-4f44-b658-d0765765cc5e','2026-04-17','2026-04-17 14:29:48.383+00','completed',2,'none',NULL);

-- ── Hygiene daily ─────────────────────────────────────────────────────────
INSERT OR IGNORE INTO dy_hygiene_daily (user_id, day_key, status, deviation_value, friction_type, user_note, last_logged_at, completed_count) VALUES
  ('534f6cda-3b84-4f44-b658-d0765765cc5e','2026-04-15','completed',2,'none',NULL,'2026-04-15 23:02:48.901+00',1),
  ('534f6cda-3b84-4f44-b658-d0765765cc5e','2026-04-16','completed',NULL,NULL,NULL,'2026-04-16 15:24:10.882+00',2),
  ('534f6cda-3b84-4f44-b658-d0765765cc5e','2026-04-17','completed',2,'none',NULL,'2026-04-17 14:29:48.383+00',1);

-- ── Hygiene stats ─────────────────────────────────────────────────────────
INSERT OR IGNORE INTO dy_hygiene_stats (user_id, first_day_key, total_completed_days, last_updated_at) VALUES
  ('534f6cda-3b84-4f44-b658-d0765765cc5e','2026-04-15',3,'2026-04-17 14:29:54.693+00');

PRAGMA foreign_keys = ON;
